<?xml version="1.0" ?><job><property name="generatecopyouter"><string>NOT_GENERATEOUTTER</string></property><property name="user.input.dir"><string>C:\Entwicklung\dita-ot-merged\plugins\org.dita-semia.resolver\samples\conbat\default-example-title</string></property><property name="outputdir"><string>C:\Entwicklung\dita-ot-merged\plugins\org.dita-semia.resolver\samples\conbat\default-example-title\out\dita-semia-pdf</string></property><property name="onlytopicinmap"><string>false</string></property><property name="InputMapDir.uri"><string>file:/C:/Entwicklung/dita-ot-merged/plugins/org.dita-semia.resolver/samples/conbat/default-example-title/default-example-title.dita</string></property><property name="tempdirToinputmapdir.relative.value"><string></string></property><property name="user.input.file.listfile"><string>usr.input.file.list</string></property><property name="relflagimagelist"><string></string></property><property name="outercontrol"><string>WARN</string></property><property name="relflagimagefile"><string>relflagimage.list</string></property><property name="copytotarget2sourcemaplist"><map></map></property><property name="InputMapDir"><string>C:\Entwicklung\dita-ot-merged\plugins\org.dita-semia.resolver\samples\conbat\default-example-title\default-example-title.dita</string></property><property name="user.input.file.uri"><string>default-example-title.dita</string></property><property name="user.input.dir.uri"><string>file:/C:/Entwicklung/dita-ot-merged/plugins/org.dita-semia.resolver/samples/conbat/default-example-title/</string></property><property name="user.input.file"><string>default-example-title.dita</string></property><property name="uplevels"><string></string></property><files><file src="file:/C:/Entwicklung/dita-ot-merged/plugins/org.dita-semia.resolver/samples/conbat/default-example-title/default-example-title.dita" uri="default-example-title.dita" path="default-example-title.dita" format="dita" target="true"></file></files></job>