<?xml version="1.0" encoding="UTF-8" standalone="yes"?><topic xmlns:ditaarch="http://dita.oasis-open.org/architecture/2005/" xmlns:dita-ot="http://dita-ot.sourceforge.net/ns/201007/dita-ot" xmlns:opentopic-index="http://www.idiominc.com/opentopic/index" class="- topic/topic " ditaarch:DITAArchVersion="1.2" domains="(topic abbrev-d)                          (topic equation-d)                          (topic hazard-d)                          (topic hi-d)                          (topic indexing-d)                          (topic markup-d xml-d)                          (topic markup-d)                          (topic mathml-d)                          (topic pr-d)                          (topic relmgmt-d)                          (topic svg-d)                          (topic sw-d)                          (topic ui-d)                          (topic ut-d)                          a(props deliveryTarget)" id="topic_t4s_vvs_4t" xtrc="topic:1;5:30" xtrf="file:/C:/Entwicklung/dita-ot-merged/plugins/org.dita-semia.resolver/samples/conbat/default-example-title/default-example-title.dita">
  <title xmlns:ns1="http://www.dita-semia.org/conbat" class="- topic/title " ns1:default-content="Example" xtrc="title:1;6:10" xtrf="file:/C:/Entwicklung/dita-ot-merged/plugins/org.dita-semia.resolver/samples/conbat/default-example-title/default-example-title.dita">Default Title for Examples</title>
	<topic class="- topic/topic " ditaarch:DITAArchVersion="1.2" domains="(topic abbrev-d)                          (topic equation-d)                          (topic hazard-d)                          (topic hi-d)                          (topic indexing-d)                          (topic markup-d xml-d)                          (topic markup-d)                          (topic mathml-d)                          (topic pr-d)                          (topic relmgmt-d)                          (topic svg-d)                          (topic sw-d)                          (topic ui-d)                          (topic ut-d)                          a(props deliveryTarget)" id="g4s_gkf_v5" xtrc="topic:2;7:25" xtrf="file:/C:/Entwicklung/dita-ot-merged/plugins/org.dita-semia.resolver/samples/conbat/default-example-title/default-example-title.dita">
		<title xmlns:ns1="http://www.dita-semia.org/conbat" class="- topic/title " ns1:default-content="Example" xtrc="title:2;8:10" xtrf="file:/C:/Entwicklung/dita-ot-merged/plugins/org.dita-semia.resolver/samples/conbat/default-example-title/default-example-title.dita">Using Defaults</title>
		<body class="- topic/body " xtrc="body:1;9:9" xtrf="file:/C:/Entwicklung/dita-ot-merged/plugins/org.dita-semia.resolver/samples/conbat/default-example-title/default-example-title.dita">
			<example class="- topic/example " xtrc="example:1;10:13" xtrf="file:/C:/Entwicklung/dita-ot-merged/plugins/org.dita-semia.resolver/samples/conbat/default-example-title/default-example-title.dita">
				<title xmlns:ns1="http://www.dita-semia.org/conbat" class="- topic/title " ns1:default-content="Example" xtrc="title:3;11:13" xtrf="file:/C:/Entwicklung/dita-ot-merged/plugins/org.dita-semia.resolver/samples/conbat/default-example-title/default-example-title.dita"><ph class="- topic/ph "><?CBA?>Example</ph></title>
				<p class="- topic/p " xtrc="p:1;12:8" xtrf="file:/C:/Entwicklung/dita-ot-merged/plugins/org.dita-semia.resolver/samples/conbat/default-example-title/default-example-title.dita">Text...</p>
			</example>
			<example class="- topic/example " xtrc="example:2;14:13" xtrf="file:/C:/Entwicklung/dita-ot-merged/plugins/org.dita-semia.resolver/samples/conbat/default-example-title/default-example-title.dita">
				<title xmlns:ns1="http://www.dita-semia.org/conbat" class="- topic/title " ns1:default-content="Example" xtrc="title:4;15:13" xtrf="file:/C:/Entwicklung/dita-ot-merged/plugins/org.dita-semia.resolver/samples/conbat/default-example-title/default-example-title.dita"><ph class="- topic/ph "><?CBA?>Example</ph></title>
				<p class="- topic/p " xtrc="p:2;16:8" xtrf="file:/C:/Entwicklung/dita-ot-merged/plugins/org.dita-semia.resolver/samples/conbat/default-example-title/default-example-title.dita">Text...</p>
			</example>
		</body>
	</topic>
	<topic class="- topic/topic " ditaarch:DITAArchVersion="1.2" domains="(topic abbrev-d)                          (topic equation-d)                          (topic hazard-d)                          (topic hi-d)                          (topic indexing-d)                          (topic markup-d xml-d)                          (topic markup-d)                          (topic mathml-d)                          (topic pr-d)                          (topic relmgmt-d)                          (topic svg-d)                          (topic sw-d)                          (topic ui-d)                          (topic ut-d)                          a(props deliveryTarget)" id="qlq_hkf_v5" xtrc="topic:3;20:25" xtrf="file:/C:/Entwicklung/dita-ot-merged/plugins/org.dita-semia.resolver/samples/conbat/default-example-title/default-example-title.dita">
		<title xmlns:ns1="http://www.dita-semia.org/conbat" class="- topic/title " ns1:default-content="Example" xtrc="title:5;21:10" xtrf="file:/C:/Entwicklung/dita-ot-merged/plugins/org.dita-semia.resolver/samples/conbat/default-example-title/default-example-title.dita">Overwriting Defaults</title>
		<body class="- topic/body " xtrc="body:2;22:9" xtrf="file:/C:/Entwicklung/dita-ot-merged/plugins/org.dita-semia.resolver/samples/conbat/default-example-title/default-example-title.dita">
			<example class="- topic/example " xtrc="example:3;23:13" xtrf="file:/C:/Entwicklung/dita-ot-merged/plugins/org.dita-semia.resolver/samples/conbat/default-example-title/default-example-title.dita">
				<title xmlns:ns1="http://www.dita-semia.org/conbat" class="- topic/title " ns1:default-content="Example" xtrc="title:6;24:12" xtrf="file:/C:/Entwicklung/dita-ot-merged/plugins/org.dita-semia.resolver/samples/conbat/default-example-title/default-example-title.dita">Special Example #1</title>
				<p class="- topic/p " xtrc="p:3;25:8" xtrf="file:/C:/Entwicklung/dita-ot-merged/plugins/org.dita-semia.resolver/samples/conbat/default-example-title/default-example-title.dita">Text...</p>
			</example>
			<example class="- topic/example " xtrc="example:4;27:13" xtrf="file:/C:/Entwicklung/dita-ot-merged/plugins/org.dita-semia.resolver/samples/conbat/default-example-title/default-example-title.dita">
				<title xmlns:ns1="http://www.dita-semia.org/conbat" class="- topic/title " ns1:default-content="Example" xtrc="title:7;28:12" xtrf="file:/C:/Entwicklung/dita-ot-merged/plugins/org.dita-semia.resolver/samples/conbat/default-example-title/default-example-title.dita">Special Example #2</title>
				<p class="- topic/p " xtrc="p:4;29:8" xtrf="file:/C:/Entwicklung/dita-ot-merged/plugins/org.dita-semia.resolver/samples/conbat/default-example-title/default-example-title.dita">Text...</p>
			</example>
		</body>
	</topic>
	<topic class="- topic/topic " ditaarch:DITAArchVersion="1.2" domains="(topic abbrev-d)                          (topic equation-d)                          (topic hazard-d)                          (topic hi-d)                          (topic indexing-d)                          (topic markup-d xml-d)                          (topic markup-d)                          (topic mathml-d)                          (topic pr-d)                          (topic relmgmt-d)                          (topic svg-d)                          (topic sw-d)                          (topic ui-d)                          (topic ut-d)                          a(props deliveryTarget)" id="wpl_vtw_25" xtrc="topic:4;33:25" xtrf="file:/C:/Entwicklung/dita-ot-merged/plugins/org.dita-semia.resolver/samples/conbat/default-example-title/default-example-title.dita">
		<title xmlns:ns1="http://www.dita-semia.org/conbat" class="- topic/title " ns1:default-content="Example" xtrc="title:8;34:10" xtrf="file:/C:/Entwicklung/dita-ot-merged/plugins/org.dita-semia.resolver/samples/conbat/default-example-title/default-example-title.dita">Description</title>
		<body class="- topic/body " xtrc="body:3;35:10" xtrf="file:/C:/Entwicklung/dita-ot-merged/plugins/org.dita-semia.resolver/samples/conbat/default-example-title/default-example-title.dita"/>
	</topic>
<opentopic-index:index.groups/></topic>